Word,exclude
pizza,
beaver,
macadamia,
tarantula,
clothes,1
doormat,
hammer,
mistletoe,
washcloth,
drain,
furnace,
tea,1
chariot,
coaster,
music box,
rolling pin,
knob,1
bookshelf,
candelabra,
table,
metal detector,
bumper,
turban,
flagpole,
plaster cast,
tuba,
camera,1
rudder,
canvas,
dice,
toolbox,
trigger,
bowler hat,
headphones,
file,1
bench,
navel,
canister,
tiara,
hopscotch,
trophy,
punching bag,
jet,
telegraph,
bag,
laptop,
tape measure,
bucket,